-- INSERT INTO projects (title, category, funding_goal, start_date, end_date) VALUES
-- ("Textbooks", "Clasroom", 500, '5/1/20', '8/1/20'),
-- ("Printer", "Library", 10000,  '12/1/19', '6/1/20'),
-- ("Paper", "Classroom", 4000, '5/1/20', '5/1/21'),
-- ("SmartBoard", "Technology", 6000, '1/1/20', '1/1/21'),
-- ("Desks", "Classroom", 2000, '5/1/20', '8/1/20'),
-- ("Markers", "Classroom", 300, '8/1/20', '5/1/21'),
-- ("Computers", "technology", 5000, '5/1/20', '8/1/20'),
-- ("Books", "Library", 3000, '1/1/20', '1/1/21'),
-- ("Claculators", "techonlogy", 7000, '8/1/20', '8/1/21'),
-- ("Pens", "Classroom", 1000, '5/1/20', '8/1/20');



-- INSERT INTO users (name, age) VALUES
-- ("Kathleen", 27),
-- ("Sarah", 28),
-- ("Samantha", 30),
-- ("Ryan", 23),
-- ("Kim", 58),
-- ("Don", 60),
-- ("Madison", 17),
-- ("Maddy", 29),
-- ("Melissa", 27),
-- ("Lindsay", 24),
-- ("Alyssa", 34),
-- ("Camille", 38),
-- ("Meredith", 22),
-- ("Elizabeth", 35),
-- ("Judy", 39),
-- ("Jake", 40),
-- ("Tom", 42),
-- ("Andy", 77),
-- ("Patrick", 20),
-- ("Kelsey", 14);


-- INSERT INTO pledges (amount, user_id, project_id) VALUES
-- (600, 2, 6),
-- (50, 3, 10),
-- (4000, 4, 6),
-- (200, 5, 2),
-- (650, 19, 8),
-- (700, 7, 9),
-- (1000, 8, 1),
-- (250, 9, 3),
-- (400, 10, 6),
-- (500, 11, 1),
-- (600, 12, 9),
-- (500, 13, 8),
-- (70, 14, 6),
-- (80, 15, 1),
-- (90, 16, 8),
-- (200, 17, 3),
-- (300, 18, 8),
-- (400, 19, 1),
-- (100, 20, 9),
-- (40, 19, 10),
-- (300, 19, 4),
-- (200, 17, 3),
-- (600, 16, 7),
-- (700, 16, 7),
-- (90, 16, 2),
-- (500, 5, 5),
-- (50, 2, 6),
-- (400, 1, 7),
-- (900, 2, 7),
-- (90, 2, 7);

INSERT INTO users (id, name, age) VALUES (1, 'Finnebar', 17), (2, 'Bear', 6), (3, 'Iguana', 4), (4, 'Alex', 33),
(5, 'Amanda', 24), (6, 'Sophie', 24), (7, 'Rosey', 9), (8, 'Victoria', 23), (9, 'Franz', 100), (10, 'Hermione', 30),
(11, 'Voldemort', 90), (12, 'Marisa', 24), (13, 'Swizzle', 4), (14, 'Sirius', 36), (15, 'Albus', 113), (16, 'Squid', 5),
(17, 'Whale', 6), (18, 'Pacha', 5), (19, 'Ena', 24), (20, 'Katie', 24);

INSERT INTO projects (id, title, category, funding_goal, start_date, end_date) VALUES
(1, 'Help me buy a guitar', 'music', 500.00, '2013-06-30', '2013-07-30'),
(2, 'My book on SQL', 'books', 20.00, '2013-01-01', '2014-01-01'),
(3, 'The next Harry Potter', 'books', 1000.00, '2013-05-30', '2015-05-30'),
(4, 'Animal shelter needs dog food', 'charity', 400.00, '2013-03-14', '2013-06-30'),
(5, 'Voldement needs a body', 'charity', 6000.00, '2013-03-20', '2013-09-20'),
(6, 'The next Inna-Gadda-Davida', 'music', 200.00, '2014-12-30', '2015-12-30'),
(7, 'Iguana needs tail operation', 'charity', 2000.00, '2013-10-02', '2013-10-30'),
(8, 'I have bed bugs!', 'charity', 800.00, '2014-06-30', '2014-06-31'),
(9, 'I want to teach English in China', 'charity', 3000.00, '2013-06-30', '2013-09-30'),
(10, 'Help save birds of paradise', 'charity', 5000.00, '2012-03-20', '2013-06-30');

INSERT INTO pledges (id, amount, user_id, project_id) VALUES
(1, 10.00, 1, 2),
(2, 20.00, 1, 3),
(3, 40.00, 1, 4),
(4, 50.00, 2, 3),
(5, 10.00, 3, 2),
(6, 20.00, 4, 4),
(7, 40.00, 5, 10),
(8, 60.00, 6, 10),
(9, 50.00, 7, 9),
(10, 700.00, 8, 8),
(11, 1000.00, 8, 7),
(12, 40.00, 9, 6),
(13, 50.00, 9, 3),
(14, 50.00, 10, 4),
(15, 24.00, 12, 1),
(16, 34.00, 11, 1),
(17, 12.00, 13, 6),
(18, 19.00, 14, 5),
(19, 20.00, 15, 5),
(20, 40.00, 16, 6),
(21, 35.50, 17, 7),
(22, 40.00, 18, 8),
(23, 60.00, 19, 9),
(24, 70.00, 20, 10),
(25, 100.00, 20, 4),
(26, 40.00, 19, 1),
(27, 20.00, 18, 6),
(28, 90.00, 17, 9),
(29, 230.00, 16, 6),
(30, 450.00, 15, 5);